race,threshold
AfricanAmerican,0.48339974880218506
Asian,0.5430302619934082
Caucasian,0.5024576783180237
Hispanic,0.5356232523918152
Other,0.5365607738494873
